GC_pot,Env_ID,Time,Cultivar,average,sd,se,Tmp,LD
1,37,22,Kos,19.44444444,0.101835015,0.058794474,20,D
1,37,1,Kos,19.6,0.08819171,0.050917508,20,D
1,37,4,Kos,19.35555556,0.019245009,0.011111111,20,D
1,37,7,Kos,19.1,0.057735027,0.033333333,20,D
1,37,10,Kos,31.23333333,0.48074017,0.277555467,35,L
1,37,13,Kos,32.07777778,0.117062819,0.06758625,35,L
1,37,16,Kos,31.5,0.08819171,0.050917508,35,L
1,37,19,Kos,31.01111111,0.241139271,0.139221823,35,L
3,39,22,Kos,17.16666667,0.057735027,0.033333333,15,D
3,39,1,Kos,14.04444444,0.453790619,0.261996136,15,D
3,39,4,Kos,13.23333333,0.08819171,0.050917508,15,D
3,39,7,Kos,13.34444444,0.107151675,0.061864048,15,D
3,39,10,Kos,31.25555556,0.096225045,0.055555556,35,L
3,39,13,Kos,31.25555556,0.134715063,0.077777778,35,L
3,39,16,Kos,30.51111111,0.083887049,0.04843221,35,L
3,39,19,Kos,30.24444444,0.076980036,0.044444444,35,L
4,40,22,Kos,19.96666667,0.120185043,0.069388867,20,D
4,40,1,Kos,18.82222222,0.038490018,0.022222222,20,D
4,40,4,Kos,18.78888889,0.050917508,0.029397237,20,D
4,40,7,Kos,18.77777778,0.083887049,0.04843221,20,D
4,40,10,Kos,34.11111111,0.309719108,0.17881641,40,L
4,40,13,Kos,35.06666667,0.152752523,0.08819171,40,L
4,40,16,Kos,34.63333333,0.338296386,0.195315509,40,L
4,40,19,Kos,34.15555556,0.258915116,0.149484712,40,L
6,41,22,Kos,17.41111111,0.30061665,0.173561104,15,D
6,41,1,Kos,13.31111111,0.107151675,0.061864048,15,D
6,41,4,Kos,12.77777778,0.050917508,0.029397237,15,D
6,41,7,Kos,12.63333333,0.066666667,0.038490018,15,D
6,41,10,Kos,33.62222222,0.157527188,0.090948364,40,L
6,41,13,Kos,33.88888889,0.101835015,0.058794474,40,L
6,41,16,Kos,33.41111111,0.221944271,0.128139584,40,L
6,41,19,Kos,32.58888889,0.107151675,0.061864048,40,L
7,42,22,Kos,22.84444444,0.101835015,0.058794474,25,D
7,42,1,Kos,23.75555556,0.038490018,0.022222222,25,D
7,42,4,Kos,23.45555556,0.101835015,0.058794474,25,D
7,42,7,Kos,23.32222222,0.050917508,0.029397237,25,D
7,42,10,Kos,20.53333333,0.057735027,0.033333333,20,L
7,42,13,Kos,19.68888889,0.126197963,0.072860428,20,L
7,42,16,Kos,19.27777778,0.050917508,0.029397237,20,L
7,42,19,Kos,19.22222222,0.126197963,0.072860428,20,L
8,43,22,Kos,27.54444444,0.019245009,0.011111111,30,D
8,43,1,Kos,28.48888889,0.083887049,0.04843221,30,D
8,43,4,Kos,28.28888889,0.101835015,0.058794474,30,D
8,43,7,Kos,27.83333333,0.272845092,0.157527188,30,D
8,43,10,Kos,23.61111111,0.548060554,0.316422908,25,L
8,43,13,Kos,21.6,0.057735027,0.033333333,25,L
8,43,16,Kos,21.7,0.202758751,0.117062819,25,L
8,43,19,Kos,21.76666667,0.240370085,0.138777733,25,L
9,44,22,Kos,31.6,0.066666667,0.038490018,35,D
9,44,1,Kos,32.94444444,0.117062819,0.06758625,35,D
9,44,4,Kos,33,0.08819171,0.050917508,35,D
9,44,7,Kos,32.48888889,0.076980036,0.044444444,35,D
9,44,10,Kos,28.14444444,0.245703827,0.14185717,30,L
9,44,13,Kos,27.66666667,0.115470054,0.066666667,30,L
9,44,16,Kos,27.37777778,0.107151675,0.061864048,30,L
9,44,19,Kos,27.48888889,0.096225045,0.055555556,30,L
10,45,22,Kos,28.06666667,0.145296631,0.083887049,30,D
10,45,1,Kos,28.85555556,0.069388867,0.040061681,30,D
10,45,4,Kos,28.88888889,0.134715063,0.077777778,30,D
10,45,7,Kos,28.62222222,0.189541357,0.109431753,30,D
10,45,10,Kos,21.07777778,0.157527188,0.090948364,20,L
10,45,13,Kos,18.37777778,0.019245009,0.011111111,20,L
10,45,16,Kos,18.36666667,0.115470054,0.066666667,20,L
10,45,19,Kos,18.01111111,0.101835015,0.058794474,20,L
11,46,22,Kos,31.57777778,0.316812832,0.182911974,35,D
11,46,1,Kos,33.5,0.260341656,0.150308325,35,D
11,46,4,Kos,32.9,0.033333333,0.019245009,35,D
11,46,7,Kos,33.22222222,0.138777733,0.080123362,35,D
11,46,10,Kos,24.23333333,0.066666667,0.038490018,25,L
11,46,13,Kos,23.16666667,0.176383421,0.101835015,25,L
11,46,16,Kos,23.36666667,0.176383421,0.101835015,25,L
11,46,19,Kos,23.47777778,0.083887049,0.04843221,25,L
12,47,22,Kos,32.24444444,0.283496685,0.163676887,35,D
12,47,1,Kos,32.91111111,0.083887049,0.04843221,35,D
12,47,4,Kos,32.9,0.120185043,0.069388867,35,D
12,47,7,Kos,32.81111111,0.138777733,0.080123362,35,D
12,47,10,Kos,19.88888889,0.101835015,0.058794474,20,L
12,47,13,Kos,17.54444444,0.069388867,0.040061681,20,L
12,47,16,Kos,17.74444444,0.019245009,0.011111111,20,L
12,47,19,Kos,17.82222222,0.216880237,0.125215863,20,L
15,48,22,Kos,14.46666667,0.133333333,0.076980036,15,D
15,48,1,Kos,13.64444444,0.316812832,0.182911974,15,D
15,48,4,Kos,13.85555556,0.150308325,0.086780552,15,D
15,48,7,Kos,20.24444444,0.328858857,0.18986675,20,L
15,48,10,Kos,19.56666667,0.333333333,0.19245009,20,L
15,48,13,Kos,20.07777778,0.283496685,0.163676887,20,L
15,48,16,Kos,19.86666667,0,0,20,L
15,48,19,Kos,19.81111111,0.485722067,0.280431766,20,L
16,49,22,Kos,18.58888889,0.050917508,0.029397237,20,D
16,49,1,Kos,19.23333333,0.115470054,0.066666667,20,D
16,49,4,Kos,18.35555556,0.171053381,0.098757716,20,D
16,49,7,Kos,24.14444444,0.107151675,0.061864048,25,L
16,49,10,Kos,23.17777778,0.107151675,0.061864048,25,L
16,49,13,Kos,23.4,0.033333333,0.019245009,25,L
16,49,16,Kos,23.3,0.057735027,0.033333333,25,L
16,49,19,Kos,23.42222222,0.200923792,0.116003406,25,L
17,50,22,Kos,23.6,0.066666667,0.038490018,25,D
17,50,1,Kos,24.27777778,0.069388867,0.040061681,25,D
17,50,4,Kos,23.54444444,0.019245009,0.011111111,25,D
17,50,7,Kos,26.82222222,0.298762881,0.17249083,30,L
17,50,10,Kos,26.45555556,0.236486629,0.136535619,30,L
17,50,13,Kos,26.61111111,0.117062819,0.06758625,30,L
17,50,16,Kos,26.53333333,0.218581284,0.126197963,30,L
17,50,19,Kos,26.76666667,0.057735027,0.033333333,30,L
18,51,22,Kos,27.84444444,0.134715063,0.077777778,30,D
18,51,1,Kos,28.55555556,0.083887049,0.04843221,30,D
18,51,4,Kos,28.77777778,0.076980036,0.044444444,30,D
18,51,7,Kos,31.05555556,0.633625664,0.365823947,35,L
18,51,10,Kos,31.43333333,0.723417814,0.41766547,35,L
18,51,13,Kos,31.44444444,0.150308325,0.086780552,35,L
18,51,16,Kos,31.02222222,0.337199798,0.194682394,35,L
18,51,19,Kos,30.91111111,0.21430335,0.123728097,35,L
19,52,22,Kos,31.13333333,0.145296631,0.083887049,35,D
19,52,1,Kos,33.18888889,0.076980036,0.044444444,35,D
19,52,4,Kos,32.65555556,0.019245009,0.011111111,35,D
19,52,7,Kos,34.11111111,0.505891219,0.292076432,40,L
19,52,10,Kos,35.41111111,0.37168286,0.214591199,40,L
19,52,13,Kos,35.08888889,0.200923792,0.116003406,40,L
19,52,16,Kos,34.93333333,0.120185043,0.069388867,40,L
19,52,19,Kos,35.22222222,0.183585685,0.105993245,40,L
21,38,22,Kos,23.61111111,0.083887049,0.04843221,25,D
21,38,1,Kos,24.62222222,0.107151675,0.061864048,25,D
21,38,4,Kos,24.42222222,0.134715063,0.077777778,25,D
21,38,7,Kos,23.77777778,0.019245009,0.011111111,25,D
21,38,10,Kos,30.98888889,0.069388867,0.040061681,40,L
21,38,13,Kos,30.33333333,0.152752523,0.08819171,40,L
21,38,16,Kos,30.4,0.461880215,0.266666667,40,L
21,38,19,Kos,30.94444444,0.386340859,0.223053999,40,L
1,53,22,Kos,15.92222222,0.183585685,0.105993245,15,D
1,53,1,Kos,13.44444444,0.019245009,0.011111111,15,D
1,53,4,Kos,13.77777778,0.107151675,0.061864048,15,D
1,53,7,Kos,24.03333333,0.240370085,0.138777733,25,L
1,53,10,Kos,22.92222222,0.189541357,0.109431753,25,L
1,53,13,Kos,24.64444444,0.4286067,0.247456194,25,L
1,53,16,Kos,22.7,0.152752523,0.08819171,25,L
1,53,19,Kos,23.21111111,0.157527188,0.090948364,25,L
3,55,22,Kos,23.6,0.08819171,0.050917508,25,D
3,55,1,Kos,23.5,0.159571185,0.092128466,25,D
3,55,4,Kos,23.43333333,0.115470054,0.066666667,25,D
3,55,7,Kos,31.94444444,0.57381117,0.331290034,35,L
3,55,10,Kos,30.86666667,0.230940108,0.133333333,35,L
3,55,13,Kos,30.67777778,0.117062819,0.06758625,35,L
3,55,16,Kos,30.76666667,0.240370085,0.138777733,35,L
3,55,19,Kos,30.6,0.251661148,0.145296631,35,L
4,56,22,Kos,27.96666667,0.033333333,0.019245009,30,D
4,56,1,Kos,28.22222222,0.150308325,0.086780552,30,D
4,56,4,Kos,27.98888889,0.096225045,0.055555556,30,D
4,56,7,Kos,34.37777778,0.379082714,0.218863507,40,L
4,56,10,Kos,34.04444444,0.340478965,0.196575622,40,L
4,56,13,Kos,34.75555556,0.250185117,0.144444444,40,L
4,56,16,Kos,34.47777778,0.211695099,0.122222222,40,L
4,56,19,Kos,34.23333333,0.120185043,0.069388867,40,L
5,57,22,Kos,18.06666667,0.033333333,0.019245009,15,D
5,57,1,Kos,15.12222222,0.038490018,0.022222222,15,D
5,57,4,Kos,14.64444444,0.069388867,0.040061681,15,D
5,57,7,Kos,27.77777778,0.117062819,0.06758625,30,L
5,57,10,Kos,26.35555556,0.101835015,0.058794474,30,L
5,57,13,Kos,26.43333333,0.08819171,0.050917508,30,L
5,57,16,Kos,26.78888889,0.342106763,0.197515431,30,L
5,57,19,Kos,27.35555556,0.459871157,0.265506737,30,L
6,58,22,Kos,19.23333333,0.066666667,0.038490018,20,D
6,58,1,Kos,18.78888889,0.167774099,0.096864421,20,D
6,58,4,Kos,18.92222222,0.019245009,0.011111111,20,D
6,58,7,Kos,31.57777778,0.529500114,0.305707033,35,L
6,58,10,Kos,30.66666667,0.3,0.173205081,35,L
6,58,13,Kos,30.66666667,0.152752523,0.08819171,35,L
6,58,16,Kos,30.95555556,0.171053381,0.098757716,35,L
6,58,19,Kos,31.1,0.033333333,0.019245009,35,L
7,59,22,Kos,23.08888889,0.038490018,0.022222222,25,D
7,59,1,Kos,23.37777778,0.050917508,0.029397237,25,D
7,59,4,Kos,23.46666667,0.08819171,0.050917508,25,D
7,59,7,Kos,31.7,0.264575131,0.152752523,40,L
7,59,10,Kos,31.26666667,0.617341973,0.356422554,40,L
7,59,13,Kos,31.45555556,0.819439736,0.473103752,40,L
7,59,16,Kos,32.11111111,0.050917508,0.029397237,40,L
7,59,19,Kos,32.83333333,0.392994204,0.22689531,40,L
8,60,22,Kos,15.36666667,0.066666667,0.038490018,15,D
8,60,1,Kos,13.75555556,0.076980036,0.044444444,15,D
8,60,4,Kos,13.81111111,0.164429429,0.094933375,15,D
8,60,7,Kos,30.34444444,1.185248841,0.684303737,35,L
8,60,10,Kos,28.23333333,0.290593263,0.167774099,35,L
8,60,13,Kos,29.03333333,0.066666667,0.038490018,35,L
8,60,16,Kos,29.87777778,0.069388867,0.040061681,35,L
8,60,19,Kos,29.82222222,0.485722067,0.280431766,35,L
9,61,22,Kos,19.12222222,0.050917508,0.029397237,20,D
9,61,1,Kos,18.77777778,0.101835015,0.058794474,20,D
9,61,4,Kos,19.05555556,0.038490018,0.022222222,20,D
9,61,7,Kos,34.93333333,0.290593263,0.167774099,40,L
9,61,10,Kos,34.05555556,0.203670031,0.117588947,40,L
9,61,13,Kos,34.06666667,0.166666667,0.096225045,40,L
9,61,16,Kos,34.11111111,0.126197963,0.072860428,40,L
9,61,19,Kos,33.83333333,0.284800125,0.164429429,40,L
10,62,22,Kos,16.36666667,0.145296631,0.083887049,15,D
10,62,1,Kos,14.13333333,0.152752523,0.08819171,15,D
10,62,4,Kos,14.88888889,0.069388867,0.040061681,15,D
10,62,7,Kos,34.62222222,0.411411302,0.237528426,40,L
10,62,10,Kos,34.06666667,0.384418753,0.221944271,40,L
10,62,13,Kos,34.64444444,0.050917508,0.029397237,40,L
10,62,16,Kos,34.36666667,0.115470054,0.066666667,40,L
10,62,19,Kos,34.06666667,0.202758751,0.117062819,40,L
11,63,22,Kos,23.52222222,0.019245009,0.011111111,25,D
11,63,1,Kos,24.08888889,0.069388867,0.040061681,25,D
11,63,4,Kos,23.94444444,0.076980036,0.044444444,25,D
11,63,7,Kos,18.73333333,0.240370085,0.138777733,20,L
11,63,10,Kos,18.12222222,0.038490018,0.022222222,20,L
11,63,13,Kos,17.76666667,0.185592145,0.107151675,20,L
11,63,16,Kos,17.8,0.1,0.057735027,20,L
11,63,19,Kos,18.37777778,0.271484261,0.156741511,20,L
12,64,22,Kos,27.92222222,0.069388867,0.040061681,30,D
12,64,1,Kos,28.57777778,0.19245009,0.111111111,30,D
12,64,4,Kos,28.48888889,0.22689531,0.130998068,30,D
12,64,7,Kos,23.15555556,0.171053381,0.098757716,25,L
12,64,10,Kos,23.11111111,0.254587539,0.146986184,25,L
12,64,13,Kos,22.86666667,0.1,0.057735027,25,L
12,64,16,Kos,23.06666667,0.115470054,0.066666667,25,L
12,64,19,Kos,23.23333333,0.057735027,0.033333333,25,L
13,65,22,Kos,32.17777778,0.359526437,0.207572685,35,D
13,65,1,Kos,33.27777778,0.298762881,0.17249083,35,D
13,65,4,Kos,32.92222222,0.657717715,0.3797335,35,D
13,65,7,Kos,26.57777778,0.38920622,0.224708316,30,L
13,65,10,Kos,27.63333333,0.251661148,0.145296631,30,L
13,65,13,Kos,27.41111111,0.050917508,0.029397237,30,L
13,65,16,Kos,27.64444444,0.157527188,0.090948364,30,L
13,65,19,Kos,28.31111111,0.050917508,0.029397237,30,L
14,66,22,Kos,28.03333333,0.066666667,0.038490018,30,D
14,66,1,Kos,28.7,0.115470054,0.066666667,30,D
14,66,4,Kos,28.8,0.033333333,0.019245009,30,D
14,66,7,Kos,18.22222222,0.101835015,0.058794474,20,L
14,66,10,Kos,18.1,0.2081666,0.120185043,20,L
14,66,13,Kos,18.02222222,0.234125639,0.135172501,20,L
14,66,16,Kos,18.36666667,0.2081666,0.120185043,20,L
14,66,19,Kos,18.81111111,0.221944271,0.128139584,20,L
15,67,22,Kos,32.94444444,0.134715063,0.077777778,35,D
15,67,1,Kos,33.18888889,0.150308325,0.086780552,35,D
15,67,4,Kos,32.98888889,0.150308325,0.086780552,35,D
15,67,7,Kos,23.61111111,0.200923792,0.116003406,25,L
15,67,10,Kos,23.41111111,0.050917508,0.029397237,25,L
15,67,13,Kos,23.44444444,0.019245009,0.011111111,25,L
15,67,16,Kos,23.42222222,0.245703827,0.14185717,25,L
15,67,19,Kos,24.53333333,0.176383421,0.101835015,25,L
16,68,22,Kos,29.03333333,5.802585631,3.350124376,35,D
16,68,1,Kos,32.61111111,0.236486629,0.136535619,35,D
16,68,4,Kos,32.94444444,0.368681334,0.212858267,35,D
16,68,7,Kos,17.7,0.32829526,0.189541357,20,L
16,68,10,Kos,18.05555556,0.126197963,0.072860428,20,L
16,68,13,Kos,18.06666667,0.152752523,0.08819171,20,L
16,68,16,Kos,18.12222222,0.221944271,0.128139584,20,L
16,68,19,Kos,19.03333333,0.133333333,0.076980036,20,L
18,70,22,Kos,23.64444444,0.267360209,0.154360489,25,L
18,70,1,Kos,23.77777778,0.076980036,0.044444444,25,L
18,70,4,Kos,23.58888889,0.221944271,0.128139584,25,L
18,70,7,Kos,23.13333333,0.08819171,0.050917508,25,L
18,70,10,Kos,23.05555556,0.164429429,0.094933375,25,L
18,70,13,Kos,23.45555556,0.340478965,0.196575622,25,L
18,70,16,Kos,23.67777778,0.28738927,0.165924272,25,L
18,70,19,Kos,23.83333333,0.115470054,0.066666667,25,L
19,71,22,Kos,28.05555556,0.150308325,0.086780552,30,L
19,71,1,Kos,28.3,0.317979734,0.183585685,30,L
19,71,4,Kos,28.12222222,0.21430335,0.123728097,30,L
19,71,7,Kos,28.27777778,0.340478965,0.196575622,30,L
19,71,10,Kos,27.9,0.41766547,0.241139271,30,L
19,71,13,Kos,28.66666667,0.240370085,0.138777733,30,L
19,71,16,Kos,28.92222222,0.164429429,0.094933375,30,L
19,71,19,Kos,28.5,0.120185043,0.069388867,30,L
20,72,22,Kos,30.93333333,0.433333333,0.250185117,35,L
20,72,1,Kos,31.58888889,0.050917508,0.029397237,35,L
20,72,4,Kos,30.94444444,0.150308325,0.086780552,35,L
20,72,7,Kos,31.45555556,0.245703827,0.14185717,35,L
20,72,10,Kos,31.52222222,0.36717137,0.211986489,35,L
20,72,13,Kos,32.2,0.548735921,0.316812832,35,L
20,72,16,Kos,32.03333333,0.48074017,0.277555467,35,L
20,72,19,Kos,31.94444444,0.236486629,0.136535619,35,L
21,54,22,Kos,19.83333333,0.066666667,0.038490018,20,D
21,54,1,Kos,19.87777778,0.050917508,0.029397237,20,D
21,54,4,Kos,19.68888889,0.069388867,0.040061681,20,D
21,54,7,Kos,26.46666667,0.240370085,0.138777733,30,L
21,54,10,Kos,26.12222222,0.245703827,0.14185717,30,L
21,54,13,Kos,26.1,0.2,0.115470054,30,L
21,54,16,Kos,27.23333333,0.120185043,0.069388867,30,L
21,54,19,Kos,27.51111111,0.189541357,0.109431753,30,L
24,7,22,Kos,19.24444444,0.019245009,0.011111111,20,D
24,7,1,Kos,20.18888889,0.096225045,0.055555556,20,D
24,7,4,Kos,19.72222222,0.069388867,0.040061681,20,D
24,7,7,Kos,19.64444444,0.153960072,0.088888889,20,D
24,7,10,Kos,19.34444444,0.083887049,0.04843221,20,D
24,7,13,Kos,23.6,0.120185043,0.069388867,25,L
24,7,16,Kos,24.15555556,0.183585685,0.105993245,25,L
24,7,19,Kos,23.84444444,0.019245009,0.011111111,25,L
25,8,22,Kos,23.27777778,0.096225045,0.055555556,25,D
25,8,1,Kos,24.36666667,0.133333333,0.076980036,25,D
25,8,4,Kos,23.73333333,0.033333333,0.019245009,25,D
25,8,7,Kos,23.8,0.08819171,0.050917508,25,D
25,8,10,Kos,24.2,0.033333333,0.019245009,25,D
25,8,13,Kos,26.73333333,0.133333333,0.076980036,30,L
25,8,16,Kos,27.56666667,0.321455025,0.185592145,30,L
25,8,19,Kos,27.31111111,0.474146407,0.273748555,30,L
26,9,22,Kos,28.25555556,0.096225045,0.055555556,30,D
26,9,1,Kos,29.6,0.057735027,0.033333333,30,D
26,9,4,Kos,29.27777778,0.164429429,0.094933375,30,D
26,9,7,Kos,29.16666667,0.033333333,0.019245009,30,D
26,9,10,Kos,29.3,0.152752523,0.08819171,30,D
26,9,13,Kos,31.02222222,0.150308325,0.086780552,35,L
26,9,16,Kos,32.25555556,0.485722067,0.280431766,35,L
26,9,19,Kos,32.06666667,0.066666667,0.038490018,35,L
27,11,22,Kos,14.15555556,0.083887049,0.04843221,15,D
27,11,1,Kos,14.66666667,0.033333333,0.019245009,15,D
27,11,4,Kos,14.47777778,0.050917508,0.029397237,15,D
27,11,7,Kos,15.26666667,0.066666667,0.038490018,15,D
27,11,10,Kos,14.6,0.057735027,0.033333333,15,D
27,11,13,Kos,23.27777778,0.069388867,0.040061681,25,L
27,11,16,Kos,23.22222222,0.050917508,0.029397237,25,L
27,11,19,Kos,23.27777778,0.189541357,0.109431753,25,L
1,1,22,Kos,13.87777778,0.101835015,0.058794474,15,D
1,1,1,Kos,13.6,0.120185043,0.069388867,15,D
1,1,4,Kos,14.16666667,0.348010217,0.200923792,15,D
1,1,7,Kos,14.23333333,0.152752523,0.08819171,15,D
1,1,10,Kos,14.06666667,0.08819171,0.050917508,15,D
1,1,13,Kos,14.32222222,0.134715063,0.077777778,15,D
1,1,16,Kos,14.22222222,0.069388867,0.040061681,15,D
1,1,19,Kos,14.23333333,0.145296631,0.083887049,15,D
3,3,22,Kos,23.97777778,0.101835015,0.058794474,25,D
3,3,1,Kos,24.03333333,0.08819171,0.050917508,25,D
3,3,4,Kos,24.05555556,0.069388867,0.040061681,25,D
3,3,7,Kos,24.03333333,0.033333333,0.019245009,25,D
3,3,10,Kos,24.32222222,0.107151675,0.061864048,25,D
3,3,13,Kos,24.03333333,0.057735027,0.033333333,25,D
3,3,16,Kos,24.14444444,0.069388867,0.040061681,25,D
3,3,19,Kos,24.05555556,0.126197963,0.072860428,25,D
4,4,22,Kos,28.4,0.033333333,0.019245009,30,D
4,4,1,Kos,28.48888889,0.200923792,0.116003406,30,D
4,4,4,Kos,28.4,0.1,0.057735027,30,D
4,4,7,Kos,28.53333333,0.145296631,0.083887049,30,D
4,4,10,Kos,28.5,0.057735027,0.033333333,30,D
4,4,13,Kos,28.7,0.033333333,0.019245009,30,D
4,4,16,Kos,28.51111111,0.019245009,0.011111111,30,D
4,4,19,Kos,28.55555556,0.171053381,0.098757716,30,D
5,5,22,Kos,33.6,0.033333333,0.019245009,35,D
5,5,1,Kos,33.91111111,0.050917508,0.029397237,35,D
5,5,4,Kos,33.6,0.152752523,0.08819171,35,D
5,5,7,Kos,33.55555556,0.050917508,0.029397237,35,D
5,5,10,Kos,33.75555556,0.171053381,0.098757716,35,D
5,5,13,Kos,33.72222222,0.069388867,0.040061681,35,D
5,5,16,Kos,33.7,0.033333333,0.019245009,35,D
5,5,19,Kos,33.87777778,0.050917508,0.029397237,35,D
7,10,22,Kos,32.12222222,0.126197963,0.072860428,35,D
7,10,1,Kos,33.36666667,0.033333333,0.019245009,35,D
7,10,4,Kos,32.73333333,0.120185043,0.069388867,35,D
7,10,7,Kos,32.41111111,0.153960072,0.088888889,35,D
7,10,10,Kos,32.66666667,5.02E-15,2.90E-15,35,D
7,10,13,Kos,32.4,0.288675135,0.166666667,40,L
7,10,16,Kos,30.28888889,0.510265,0.294601635,40,L
7,10,19,Kos,31.2,0.970108814,0.560092585,40,L
8,12,22,Kos,18.63333333,0.057735027,0.033333333,20,D
8,12,1,Kos,18.91111111,0.117062819,0.06758625,20,D
8,12,4,Kos,18.8,0.133333333,0.076980036,20,D
8,12,7,Kos,18.65555556,0.019245009,0.011111111,20,D
8,12,10,Kos,18.91111111,0.050917508,0.029397237,20,D
8,12,13,Kos,25.55555556,0.250185117,0.144444444,30,L
8,12,16,Kos,25.54444444,0.138777733,0.080123362,30,L
8,12,19,Kos,25.66666667,0.251661148,0.145296631,30,L
9,13,22,Kos,23.75555556,0.019245009,0.011111111,25,D
9,13,1,Kos,24.1,0.115470054,0.066666667,25,D
9,13,4,Kos,24.12222222,0.083887049,0.04843221,25,D
9,13,7,Kos,23.94444444,0.019245009,0.011111111,25,D
9,13,10,Kos,24.07777778,0.138777733,0.080123362,25,D
9,13,13,Kos,29.75555556,0.250185117,0.144444444,35,L
9,13,16,Kos,30.7,0.240370085,0.138777733,35,L
9,13,19,Kos,30.24444444,0.164429429,0.094933375,35,L
10,14,22,Kos,28.47777778,0.038490018,0.022222222,30,D
10,14,1,Kos,28.97777778,0.050917508,0.029397237,30,D
10,14,4,Kos,29.02222222,0.050917508,0.029397237,30,D
10,14,7,Kos,28.55555556,0.150308325,0.086780552,30,D
10,14,10,Kos,29.04444444,0.101835015,0.058794474,30,D
10,14,13,Kos,32.75555556,0.356422554,0.205780658,40,L
10,14,16,Kos,34.47777778,0.069388867,0.040061681,40,L
10,14,19,Kos,34.42222222,0.164429429,0.094933375,40,L
11,15,22,Kos,14.66666667,0.233333333,0.134715063,15,D
11,15,1,Kos,13.41111111,0.126197963,0.072860428,15,D
11,15,4,Kos,13.37777778,0.36565517,0.211111111,15,D
11,15,7,Kos,13.17777778,0.019245009,0.011111111,15,D
11,15,10,Kos,13.43333333,0.033333333,0.019245009,15,D
11,15,13,Kos,25.17777778,0.134715063,0.077777778,30,L
11,15,16,Kos,27.31111111,0.150308325,0.086780552,30,L
11,15,19,Kos,26.65555556,0.038490018,0.022222222,30,L
12,16,22,Kos,18.82222222,0.050917508,0.029397237,20,D
12,16,1,Kos,19.23333333,0,0,20,D
12,16,4,Kos,19.17777778,0.019245009,0.011111111,20,D
12,16,7,Kos,18.92222222,0.076980036,0.044444444,20,D
12,16,10,Kos,19.06666667,0.08819171,0.050917508,20,D
12,16,13,Kos,28.85555556,0.126197963,0.072860428,35,L
12,16,16,Kos,30.5,0.288675135,0.166666667,35,L
12,16,19,Kos,30.5,0.033333333,0.019245009,35,L
13,17,22,Kos,23.24444444,0.258915116,0.149484712,25,D
13,17,1,Kos,24.1,0.057735027,0.033333333,25,D
13,17,4,Kos,23.92222222,0.083887049,0.04843221,25,D
13,17,7,Kos,24.08888889,0.083887049,0.04843221,25,D
13,17,10,Kos,24.02222222,0.050917508,0.029397237,25,D
13,17,13,Kos,31.91111111,0.323751162,0.18691782,40,L
13,17,16,Kos,34.41111111,0.254587539,0.146986184,40,L
13,17,19,Kos,34.22222222,0.309719108,0.17881641,40,L
14,18,22,Kos,14.24444444,0.050917508,0.029397237,15,D
14,18,1,Kos,13.74444444,0.153960072,0.088888889,15,D
14,18,4,Kos,13.9,0.173205081,0.1,15,D
14,18,7,Kos,13.91111111,0.076980036,0.044444444,15,D
14,18,10,Kos,14,0.066666667,0.038490018,15,D
14,18,13,Kos,27.71111111,0.452564708,0.261288356,35,L
14,18,16,Kos,30.94444444,0.157527188,0.090948364,35,L
14,18,19,Kos,30.64444444,0.138777733,0.080123362,35,L
15,19,22,Kos,19.38888889,0.083333333,0.048112522,20,D
15,19,1,Kos,19.44444444,0.083887049,0.04843221,20,D
15,19,4,Kos,19.32222222,0.076980036,0.044444444,20,D
15,19,7,Kos,19.24444444,0.076980036,0.044444444,20,D
15,19,10,Kos,19.12222222,0.050917508,0.029397237,20,D
15,19,13,Kos,31.06666667,0.352766841,0.203670031,40,L
15,19,16,Kos,34.41111111,0.150308325,0.086780552,40,L
15,19,19,Kos,33.81111111,0.236486629,0.136535619,40,L
16,20,22,Kos,19.34444444,0.069388867,0.040061681,15,D
16,20,1,Kos,19.35555556,0.083887049,0.04843221,15,D
16,20,4,Kos,19.35555556,0.076980036,0.044444444,15,D
16,20,7,Kos,19.31111111,0.019245009,0.011111111,15,D
16,20,10,Kos,19.13333333,0.115470054,0.066666667,15,D
16,20,13,Kos,30.47777778,0.267360209,0.154360489,40,L
16,20,16,Kos,34.32222222,0.277555467,0.160246723,40,L
16,20,19,Kos,33.67777778,0.221944271,0.128139584,40,L
18,21,22,Kos,24.08888889,0.069388867,0.040061681,25,D
18,21,1,Kos,24.25555556,0.126197963,0.072860428,25,D
18,21,4,Kos,23.78888889,0.258915116,0.149484712,25,D
18,21,7,Kos,24.2,0.08819171,0.050917508,25,D
18,21,10,Kos,24.14444444,0.038490018,0.022222222,25,D
18,21,13,Kos,21.08888889,0.050917508,0.029397237,20,L
18,21,16,Kos,17.84444444,0.050917508,0.029397237,20,L
18,21,19,Kos,18.85555556,0.138777733,0.080123362,20,L
20,23,22,Kos,32.84444444,0.096225045,0.055555556,35,D
20,23,1,Kos,33.1,0.152752523,0.08819171,35,D
20,23,4,Kos,32.41111111,0.083887049,0.04843221,35,D
20,23,7,Kos,32.82222222,0.101835015,0.058794474,35,D
20,23,10,Kos,33.04444444,0.167774099,0.096864421,35,D
20,23,13,Kos,28.72222222,0.038490018,0.022222222,30,L
20,23,16,Kos,26.98888889,0.126197963,0.072860428,30,L
20,23,19,Kos,26.93333333,0.1,0.057735027,30,L
21,2,22,Kos,19.98888889,0.107151675,0.061864048,20,D
21,2,1,Kos,19.65555556,0.038490018,0.022222222,20,D
21,2,4,Kos,19.74444444,0.134715063,0.077777778,20,D
21,2,7,Kos,19.81111111,0.126197963,0.072860428,20,D
21,2,10,Kos,19.77777778,0.050917508,0.029397237,20,D
21,2,13,Kos,20.1,0.08819171,0.050917508,20,D
21,2,16,Kos,19.86666667,0.066666667,0.038490018,20,D
21,2,19,Kos,19.7,0.033333333,0.019245009,20,D
22,24,22,Kos,28.56666667,0.152752523,0.08819171,30,D
22,24,1,Kos,28.35555556,0.171053381,0.098757716,30,D
22,24,4,Kos,28.31111111,0.101835015,0.058794474,30,D
22,24,7,Kos,28.62222222,0.183585685,0.105993245,30,D
22,24,10,Kos,28.86666667,0.08819171,0.050917508,30,D
22,24,13,Kos,22.33333333,0.272845092,0.157527188,20,L
22,24,16,Kos,18.17777778,0.050917508,0.029397237,20,L
22,24,19,Kos,18.55555556,0.019245009,0.011111111,20,L
25,26,22,Kos,31.84444444,0.117062819,0.06758625,35,D
25,26,1,Kos,33.25555556,0.107151675,0.061864048,35,D
25,26,4,Kos,32.14444444,0.096225045,0.055555556,35,D
25,26,7,Kos,32.98888889,0.107151675,0.061864048,35,D
25,26,10,Kos,32.87777778,0.096225045,0.055555556,35,D
25,26,13,Kos,23.96666667,0.033333333,0.019245009,20,L
25,26,16,Kos,18.07777778,0.096225045,0.055555556,20,L
25,26,19,Kos,18.52222222,0.038490018,0.022222222,20,L
26,27,22,Kos,14.7,0.115470054,0.066666667,15,D
26,27,1,Kos,14.61111111,0.164429429,0.094933375,15,D
26,27,4,Kos,14.4,0.120185043,0.069388867,15,D
26,27,7,Kos,14.56666667,0.08819171,0.050917508,15,D
26,27,10,Kos,21.87777778,0.101835015,0.058794474,20,L
26,27,13,Kos,20.14444444,0.019245009,0.011111111,20,L
26,27,16,Kos,19.52222222,0.269430126,0.155555556,20,L
26,27,19,Kos,20.47777778,0.038490018,0.022222222,20,L
28,28,22,Kos,19.42222222,0.083887049,0.04843221,20,D
28,28,1,Kos,19.7,0.033333333,0.019245009,20,D
28,28,4,Kos,19.76666667,0.120185043,0.069388867,20,D
28,28,7,Kos,19.74444444,0.050917508,0.029397237,20,D
28,28,10,Kos,24.25555556,0.368681334,0.212858267,25,L
28,28,13,Kos,23.02222222,0.468251278,0.270345001,25,L
28,28,16,Kos,22.53333333,0.240370085,0.138777733,25,L
28,28,19,Kos,23.2,0.230940108,0.133333333,25,L
1,6,22,Kos,14.76666667,0.066666667,0.038490018,15,D
1,6,1,Kos,14.03333333,0.115470054,0.066666667,15,D
1,6,4,Kos,14.48888889,0.211695099,0.122222222,15,D
1,6,7,Kos,14.14444444,0.167774099,0.096864421,15,D
1,6,10,Kos,14.4,0.133333333,0.076980036,15,D
1,6,13,Kos,20.61111111,0.126197963,0.072860428,20,L
1,6,16,Kos,20.05555556,0.164429429,0.094933375,20,L
1,6,19,Kos,19.87777778,0.157527188,0.090948364,20,L
3,25,22,Kos,33.13333333,0.066666667,0.038490018,35,D
3,25,1,Kos,33.41111111,0.221944271,0.128139584,35,D
3,25,4,Kos,33.1,0.120185043,0.069388867,35,D
3,25,7,Kos,32.95555556,0.117062819,0.06758625,35,D
3,25,10,Kos,33.43333333,0.057735027,0.033333333,35,D
3,25,13,Kos,27.25555556,0.183585685,0.105993245,25,L
3,25,16,Kos,21.75555556,0.069388867,0.040061681,25,L
3,25,19,Kos,22.51111111,0.138777733,0.080123362,25,L
9,29,22,Kos,23.7,0.066666667,0.038490018,25,D
9,29,1,Kos,23.8,0.057735027,0.033333333,25,D
9,29,4,Kos,23.77777778,0.038490018,0.022222222,25,D
9,29,7,Kos,23.6,0.066666667,0.038490018,25,D
9,29,10,Kos,27.5,0.115470054,0.066666667,30,L
9,29,13,Kos,27.27777778,0.164429429,0.094933375,30,L
9,29,16,Kos,26.74444444,0.157527188,0.090948364,30,L
9,29,19,Kos,27.36666667,0.185592145,0.107151675,30,L
10,30,22,Kos,28.11111111,0.096225045,0.055555556,30,D
10,30,1,Kos,28.75555556,0.134715063,0.077777778,30,D
10,30,4,Kos,28.65555556,0.150308325,0.086780552,30,D
10,30,7,Kos,28.64444444,0.083887049,0.04843221,30,D
10,30,10,Kos,31,0.2081666,0.120185043,35,L
10,30,13,Kos,30.73333333,0.264575131,0.152752523,35,L
10,30,16,Kos,30.7,0.56862407,0.32829526,35,L
10,30,19,Kos,31.37777778,0.579591171,0.334627119,35,L
11,31,22,Kos,32.74444444,0.038490018,0.022222222,35,D
11,31,1,Kos,33.64444444,0.126197963,0.072860428,35,D
11,31,4,Kos,33.71111111,0.107151675,0.061864048,35,D
11,31,7,Kos,33.27777778,0.050917508,0.029397237,35,D
11,31,10,Kos,35.2,0.133333333,0.076980036,40,L
11,31,13,Kos,35.63333333,0.41766547,0.241139271,40,L
11,31,16,Kos,34.67777778,0.258915116,0.149484712,40,L
11,31,19,Kos,34.94444444,0.252395926,0.145720856,40,L
12,32,22,Kos,14.2,0.1,0.057735027,15,D
12,32,1,Kos,14.2,0.08819171,0.050917508,15,D
12,32,4,Kos,13.97777778,0.069388867,0.040061681,15,D
12,32,7,Kos,13.75555556,0.134715063,0.077777778,15,D
12,32,10,Kos,24.8,0.240370085,0.138777733,25,L
12,32,13,Kos,23.45555556,0.138777733,0.080123362,25,L
12,32,16,Kos,23.06666667,0.115470054,0.066666667,25,L
12,32,19,Kos,23.62222222,0.096225045,0.055555556,25,L
13,33,22,Kos,18.31111111,0.107151675,0.061864048,20,D
13,33,1,Kos,19,0.057735027,0.033333333,20,D
13,33,4,Kos,18.78888889,0.216880237,0.125215863,20,D
13,33,7,Kos,18.88888889,0.126197963,0.072860428,20,D
13,33,10,Kos,27.53333333,0.348010217,0.200923792,30,L
13,33,13,Kos,27.05555556,0.076980036,0.044444444,30,L
13,33,16,Kos,26.75555556,0.019245009,0.011111111,30,L
13,33,19,Kos,27,0.033333333,0.019245009,30,L
14,34,22,Kos,23.34444444,0.038490018,0.022222222,25,D
14,34,1,Kos,24.25555556,0.107151675,0.061864048,25,D
14,34,4,Kos,24.13333333,0.066666667,0.038490018,25,D
14,34,7,Kos,23.82222222,0.101835015,0.058794474,25,D
14,34,10,Kos,32.1,0.404145188,0.233333333,35,L
14,34,13,Kos,31.62222222,0.083887049,0.04843221,35,L
14,34,16,Kos,30.98888889,0.221944271,0.128139584,35,L
14,34,19,Kos,31.22222222,0.083887049,0.04843221,35,L
15,35,22,Kos,27.96666667,0.120185043,0.069388867,30,D
15,35,1,Kos,28.93333333,0.033333333,0.019245009,30,D
15,35,4,Kos,28.95555556,0.107151675,0.061864048,30,D
15,35,7,Kos,28.46666667,0.08819171,0.050917508,30,D
15,35,10,Kos,34.68888889,0.096225045,0.055555556,40,L
15,35,13,Kos,34.91111111,0.333888427,0.192770573,40,L
15,35,16,Kos,34.5,0.264575131,0.152752523,40,L
15,35,19,Kos,34.82222222,0.416777763,0.240626754,40,L
16,36,22,Kos,14.6,0.120185043,0.069388867,15,D
16,36,1,Kos,13.76666667,0,0,15,D
16,36,4,Kos,13.76666667,0.057735027,0.033333333,15,D
16,36,7,Kos,13.44444444,0.195315509,0.112765462,15,D
16,36,10,Kos,28.1,0.240370085,0.138777733,30,L
16,36,13,Kos,26.98888889,0.422075998,0.243685691,30,L
16,36,16,Kos,26.91111111,0.038490018,0.022222222,30,L
16,36,19,Kos,27.51111111,0.320300785,0.184925744,30,L
21,22,22,Kos,27.7,0.066666667,0.038490018,30,D
21,22,1,Kos,27.93333333,0.033333333,0.019245009,30,D
21,22,4,Kos,28.35555556,0.038490018,0.022222222,30,D
21,22,7,Kos,27.9,0.115470054,0.066666667,30,D
21,22,10,Kos,28.11111111,0.069388867,0.040061681,25,L
21,22,13,Kos,25.31111111,0.117062819,0.06758625,25,L
21,22,16,Kos,22.64444444,0.36565517,0.211111111,25,L
21,22,19,Kos,22.92222222,0.083887049,0.04843221,25,L
26,69,22,Kos,20.88888889,0.076980036,0.044444444,20,L
26,69,1,Kos,20.7,0.392994204,0.22689531,20,L
26,69,4,Kos,20.45555556,0.277555467,0.160246723,20,L
26,69,7,Kos,20.21111111,0.21430335,0.123728097,20,L
26,69,10,Kos,20.15555556,0.258915116,0.149484712,20,L
26,69,13,Kos,20.4,0.173205081,0.1,20,L
26,69,16,Kos,20.08888889,0.195315509,0.112765462,20,L
26,69,19,Kos,20.02222222,0.153960072,0.088888889,20,L
28,73,22,Kos,35.24444444,0.340478965,0.196575622,40,L
28,73,1,Kos,34.87777778,0.750061726,0.433048339,40,L
28,73,4,Kos,34.44444444,0.554109228,0.319915112,40,L
28,73,7,Kos,34.61111111,0.9760085,0.56349877,40,L
28,73,10,Kos,34.77777778,0.57381117,0.331290034,40,L
28,73,13,Kos,35.01111111,0.134715063,0.077777778,40,L
28,73,16,Kos,34.58888889,0.422075998,0.243685691,40,L
28,73,19,Kos,35.06666667,0.2081666,0.120185043,40,L
1,37,22,Tak,19.5,0.057735027,0.033333333,20,D
1,37,1,Tak,19.57777778,0.134715063,0.077777778,20,D
1,37,4,Tak,19.24444444,0.038490018,0.022222222,20,D
1,37,7,Tak,19.25555556,0.21430335,0.123728097,20,D
1,37,10,Tak,30.97777778,0.157527188,0.090948364,35,L
1,37,13,Tak,31.61111111,0.050917508,0.029397237,35,L
1,37,16,Tak,31.07777778,0.050917508,0.029397237,35,L
1,37,19,Tak,30.41111111,0.241139271,0.139221823,35,L
3,39,22,Tak,16.97777778,0.019245009,0.011111111,15,D
3,39,1,Tak,13.56666667,0.08819171,0.050917508,15,D
3,39,4,Tak,13.25555556,0.126197963,0.072860428,15,D
3,39,7,Tak,13.4,0.152752523,0.08819171,15,D
3,39,10,Tak,30.87777778,0.153960072,0.088888889,35,L
3,39,13,Tak,30.44444444,0.019245009,0.011111111,35,L
3,39,16,Tak,30.05555556,0.019245009,0.011111111,35,L
3,39,19,Tak,29.75555556,0.083887049,0.04843221,35,L
4,40,22,Tak,19.91111111,0.038490018,0.022222222,20,D
4,40,1,Tak,18.81111111,0.076980036,0.044444444,20,D
4,40,4,Tak,18.65555556,0.019245009,0.011111111,20,D
4,40,7,Tak,18.85555556,0.298762881,0.17249083,20,D
4,40,10,Tak,33.48888889,0.134715063,0.077777778,40,L
4,40,13,Tak,34.33333333,0.240370085,0.138777733,40,L
4,40,16,Tak,34.13333333,0.218581284,0.126197963,40,L
4,40,19,Tak,33.08888889,0.221944271,0.128139584,40,L
6,41,22,Tak,17.17777778,0.083887049,0.04843221,15,D
6,41,1,Tak,13.44444444,0.134715063,0.077777778,15,D
6,41,4,Tak,12.96666667,0.08819171,0.050917508,15,D
6,41,7,Tak,12.73333333,0.120185043,0.069388867,15,D
6,41,10,Tak,33.78888889,0.150308325,0.086780552,40,L
6,41,13,Tak,33.48888889,0.096225045,0.055555556,40,L
6,41,16,Tak,32.82222222,0.050917508,0.029397237,40,L
6,41,19,Tak,32.35555556,0.096225045,0.055555556,40,L
7,42,22,Tak,22.92222222,0.069388867,0.040061681,25,D
7,42,1,Tak,23.81111111,0.019245009,0.011111111,25,D
7,42,4,Tak,23.46666667,0.057735027,0.033333333,25,D
7,42,7,Tak,23.32222222,0.083887049,0.04843221,25,D
7,42,10,Tak,19.42222222,0.254587539,0.146986184,20,L
7,42,13,Tak,18.73333333,0.1,0.057735027,20,L
7,42,16,Tak,18.87777778,0.216880237,0.125215863,20,L
7,42,19,Tak,18.43333333,0.266666667,0.153960072,20,L
8,43,22,Tak,27.6,0.202758751,0.117062819,30,D
8,43,1,Tak,28.72222222,0.083887049,0.04843221,30,D
8,43,4,Tak,28.3,0.033333333,0.019245009,30,D
8,43,7,Tak,27.84444444,0.150308325,0.086780552,30,D
8,43,10,Tak,22.58888889,0.164429429,0.094933375,25,L
8,43,13,Tak,21.36666667,0.290593263,0.167774099,25,L
8,43,16,Tak,21.32222222,0.386340859,0.223053999,25,L
8,43,19,Tak,21.15555556,0.353291402,0.203972886,25,L
9,44,22,Tak,32.12222222,0.138777733,0.080123362,35,D
9,44,1,Tak,33.07777778,0.157527188,0.090948364,35,D
9,44,4,Tak,33.14444444,0.019245009,0.011111111,35,D
9,44,7,Tak,32.21111111,0.435039377,0.251170101,35,D
9,44,10,Tak,27.52222222,0.21430335,0.123728097,30,L
9,44,13,Tak,27.04444444,0.298762881,0.17249083,30,L
9,44,16,Tak,27.17777778,0.083887049,0.04843221,30,L
9,44,19,Tak,26.75555556,0.216880237,0.125215863,30,L
10,45,22,Tak,27.94444444,0.069388867,0.040061681,30,D
10,45,1,Tak,28.9,0.033333333,0.019245009,30,D
10,45,4,Tak,28.67777778,0.050917508,0.029397237,30,D
10,45,7,Tak,28.4,0.08819171,0.050917508,30,D
10,45,10,Tak,20.62222222,0.328858857,0.18986675,20,L
10,45,13,Tak,17.93333333,0.066666667,0.038490018,20,L
10,45,16,Tak,17.86666667,0.08819171,0.050917508,20,L
10,45,19,Tak,17.6,0.115470054,0.066666667,20,L
11,46,22,Tak,31.71111111,0.101835015,0.058794474,35,D
11,46,1,Tak,32.82222222,0.183585685,0.105993245,35,D
11,46,4,Tak,32.04444444,0.138777733,0.080123362,35,D
11,46,7,Tak,32.64444444,0.117062819,0.06758625,35,D
11,46,10,Tak,23.9,0.033333333,0.019245009,25,L
11,46,13,Tak,22.83333333,0.033333333,0.019245009,25,L
11,46,16,Tak,23.13333333,0.120185043,0.069388867,25,L
11,46,19,Tak,22.76666667,0.08819171,0.050917508,25,L
12,47,22,Tak,32.1,0.152752523,0.08819171,35,D
12,47,1,Tak,33.01111111,0.096225045,0.055555556,35,D
12,47,4,Tak,32.85555556,0.195315509,0.112765462,35,D
12,47,7,Tak,32.94444444,0.164429429,0.094933375,35,D
12,47,10,Tak,19.26666667,0.145296631,0.083887049,20,L
12,47,13,Tak,17.16666667,0.120185043,0.069388867,20,L
12,47,16,Tak,17.57777778,0.126197963,0.072860428,20,L
12,47,19,Tak,17.62222222,0.101835015,0.058794474,20,L
15,48,22,Tak,14.46666667,0.057735027,0.033333333,15,D
15,48,1,Tak,13.82222222,0.126197963,0.072860428,15,D
15,48,4,Tak,13.9,0.3,0.173205081,15,D
15,48,7,Tak,19.95555556,0.302459058,0.174624818,20,L
15,48,10,Tak,18.47777778,0.138777733,0.080123362,20,L
15,48,13,Tak,19.28888889,0.269430126,0.155555556,20,L
15,48,16,Tak,19.38888889,0.267360209,0.154360489,20,L
15,48,19,Tak,19.27777778,0.291229832,0.168141622,20,L
16,49,22,Tak,18.72222222,0.134715063,0.077777778,20,D
16,49,1,Tak,19.15555556,0.019245009,0.011111111,20,D
16,49,4,Tak,18.35555556,0.245703827,0.14185717,20,D
16,49,7,Tak,23.68888889,0.083887049,0.04843221,25,L
16,49,10,Tak,22.87777778,0.126197963,0.072860428,25,L
16,49,13,Tak,23,0.08819171,0.050917508,25,L
16,49,16,Tak,22.82222222,0.126197963,0.072860428,25,L
16,49,19,Tak,22.97777778,0.050917508,0.029397237,25,L
17,50,22,Tak,23.7,0.057735027,0.033333333,25,D
17,50,1,Tak,24.21111111,0.076980036,0.044444444,25,D
17,50,4,Tak,23.36666667,0.145296631,0.083887049,25,D
17,50,7,Tak,26.14444444,0.200923792,0.116003406,30,L
17,50,10,Tak,25.48888889,0.050917508,0.029397237,30,L
17,50,13,Tak,25.84444444,0.069388867,0.040061681,30,L
17,50,16,Tak,25.85555556,0.076980036,0.044444444,30,L
17,50,19,Tak,26.51111111,0.309719108,0.17881641,30,L
18,51,22,Tak,27.92222222,0.050917508,0.029397237,30,D
18,51,1,Tak,28.71111111,0.069388867,0.040061681,30,D
18,51,4,Tak,28.44444444,0.069388867,0.040061681,30,D
18,51,7,Tak,30.66666667,0.360555128,0.2081666,35,L
18,51,10,Tak,30.83333333,0.448454135,0.258915116,35,L
18,51,13,Tak,31.25555556,0.107151675,0.061864048,35,L
18,51,16,Tak,30.62222222,0.309719108,0.17881641,35,L
18,51,19,Tak,31.14444444,0.069388867,0.040061681,35,L
19,52,22,Tak,32.02222222,0.150308325,0.086780552,35,D
19,52,1,Tak,33.31111111,0.083887049,0.04843221,35,D
19,52,4,Tak,32.7,0.166666667,0.096225045,35,D
19,52,7,Tak,34.44444444,0.277555467,0.160246723,40,L
19,52,10,Tak,34.53333333,0.317979734,0.183585685,40,L
19,52,13,Tak,34.73333333,0.120185043,0.069388867,40,L
19,52,16,Tak,34.6,0.057735027,0.033333333,40,L
19,52,19,Tak,34.81111111,0.183585685,0.105993245,40,L
21,38,22,Tak,23.74444444,0.157527188,0.090948364,25,D
21,38,1,Tak,24.63333333,0.08819171,0.050917508,25,D
21,38,4,Tak,24.5,0.1,0.057735027,25,D
21,38,7,Tak,24.12222222,0.167774099,0.096864421,25,D
21,38,10,Tak,31.64444444,0.386340859,0.223053999,40,L
21,38,13,Tak,30.05555556,0.340478965,0.196575622,40,L
21,38,16,Tak,30.38888889,0.267360209,0.154360489,40,L
21,38,19,Tak,30.24444444,0.494787646,0.285665781,40,L
1,53,22,Tak,15.81111111,0.096225045,0.055555556,15,D
1,53,1,Tak,13.6,0.033333333,0.019245009,15,D
1,53,4,Tak,13.88888889,0.138777733,0.080123362,15,D
1,53,7,Tak,23.71111111,0.107151675,0.061864048,25,L
1,53,10,Tak,22.38888889,0.101835015,0.058794474,25,L
1,53,13,Tak,24.04444444,0.195315509,0.112765462,25,L
1,53,16,Tak,22.35555556,0.183585685,0.105993245,25,L
1,53,19,Tak,22.84444444,0.101835015,0.058794474,25,L
3,55,22,Tak,23.64444444,0.167774099,0.096864421,25,D
3,55,1,Tak,23.34444444,0.050917508,0.029397237,25,D
3,55,4,Tak,22.92222222,0.038490018,0.022222222,25,D
3,55,7,Tak,31.06666667,0.08819171,0.050917508,35,L
3,55,10,Tak,30.25555556,0.096225045,0.055555556,35,L
3,55,13,Tak,30.12222222,0.252395926,0.145720856,35,L
3,55,16,Tak,29.93333333,0.305505046,0.176383421,35,L
3,55,19,Tak,29.98888889,0.183585685,0.105993245,35,L
4,56,22,Tak,27.7,0.133333333,0.076980036,30,D
4,56,1,Tak,27.68888889,0.221944271,0.128139584,30,D
4,56,4,Tak,27.48888889,0.083887049,0.04843221,30,D
4,56,7,Tak,34.2,0.230940108,0.133333333,40,L
4,56,10,Tak,34.18888889,0.523166994,0.302050605,40,L
4,56,13,Tak,34.17777778,0.368681334,0.212858267,40,L
4,56,16,Tak,33.98888889,0.28738927,0.165924272,40,L
4,56,19,Tak,33.48888889,0.189541357,0.109431753,40,L
5,57,22,Tak,17.96666667,0.066666667,0.038490018,15,D
5,57,1,Tak,15.02222222,0.050917508,0.029397237,15,D
5,57,4,Tak,14.63333333,0.057735027,0.033333333,15,D
5,57,7,Tak,27.36666667,0.375647589,0.216880237,30,L
5,57,10,Tak,25.7,0,0,30,L
5,57,13,Tak,25.7,0.08819171,0.050917508,30,L
5,57,16,Tak,25.54444444,0.069388867,0.040061681,30,L
5,57,19,Tak,26.71111111,0.221944271,0.128139584,30,L
6,58,22,Tak,19.06666667,0.033333333,0.019245009,20,D
6,58,1,Tak,18.96666667,0.166666667,0.096225045,20,D
6,58,4,Tak,18.67777778,0.22689531,0.130998068,20,D
6,58,7,Tak,30.96666667,0,0,35,L
6,58,10,Tak,30.16666667,0.1,0.057735027,35,L
6,58,13,Tak,30.24444444,0.019245009,0.011111111,35,L
6,58,16,Tak,30.1,0.033333333,0.019245009,35,L
6,58,19,Tak,30.36666667,0.240370085,0.138777733,35,L
7,59,22,Tak,22.95555556,0.183585685,0.105993245,25,D
7,59,1,Tak,22.96666667,0.202758751,0.117062819,25,D
7,59,4,Tak,22.81111111,0.22689531,0.130998068,25,D
7,59,7,Tak,30.07777778,0.813997907,0.469961911,40,L
7,59,10,Tak,30.48888889,0.531594387,0.306916163,40,L
7,59,13,Tak,31.2,1.049338416,0.605835817,40,L
7,59,16,Tak,31.76666667,0.529150262,0.305505046,40,L
7,59,19,Tak,32.32222222,0.117062819,0.06758625,40,L
8,60,22,Tak,15.36666667,0.066666667,0.038490018,15,D
8,60,1,Tak,13.7,0.066666667,0.038490018,15,D
8,60,4,Tak,13.9,0.033333333,0.019245009,15,D
8,60,7,Tak,29.05555556,0.379082714,0.218863507,35,L
8,60,10,Tak,27.03333333,0.1,0.057735027,35,L
8,60,13,Tak,27.77777778,0.221944271,0.128139584,35,L
8,60,16,Tak,29.2,0.589726867,0.340478965,35,L
8,60,19,Tak,29.34444444,0.38920622,0.224708316,35,L
9,61,22,Tak,19.11111111,0.083887049,0.04843221,20,D
9,61,1,Tak,18.83333333,0.133333333,0.076980036,20,D
9,61,4,Tak,18.52222222,0.150308325,0.086780552,20,D
9,61,7,Tak,33.91111111,0.307920144,0.177777778,40,L
9,61,10,Tak,33.23333333,0.384418753,0.221944271,40,L
9,61,13,Tak,33.42222222,0.107151675,0.061864048,40,L
9,61,16,Tak,33.27777778,0.038490018,0.022222222,40,L
9,61,19,Tak,33.06666667,0.185592145,0.107151675,40,L
10,62,22,Tak,16.43333333,0.185592145,0.107151675,15,D
10,62,1,Tak,14.31111111,0.083887049,0.04843221,15,D
10,62,4,Tak,15.02222222,0.050917508,0.029397237,15,D
10,62,7,Tak,34.38888889,0.315054375,0.181896728,40,L
10,62,10,Tak,33.54444444,0.36717137,0.211986489,40,L
10,62,13,Tak,33.56666667,0.166666667,0.096225045,40,L
10,62,16,Tak,33.73333333,0.120185043,0.069388867,40,L
10,62,19,Tak,33.57777778,0.22689531,0.130998068,40,L
11,63,22,Tak,23.45555556,0.050917508,0.029397237,25,D
11,63,1,Tak,23.94444444,0.083887049,0.04843221,25,D
11,63,4,Tak,23.83333333,0.033333333,0.019245009,25,D
11,63,7,Tak,18.05555556,0.050917508,0.029397237,20,L
11,63,10,Tak,17.61111111,0.134715063,0.077777778,20,L
11,63,13,Tak,17.06666667,0.08819171,0.050917508,20,L
11,63,16,Tak,17.27777778,0.076980036,0.044444444,20,L
11,63,19,Tak,17.97777778,0.038490018,0.022222222,20,L
12,64,22,Tak,28.06666667,0.145296631,0.083887049,30,D
12,64,1,Tak,28.28888889,0.189541357,0.109431753,30,D
12,64,4,Tak,27.81111111,0.183585685,0.105993245,30,D
12,64,7,Tak,22.65555556,0.21430335,0.123728097,25,L
12,64,10,Tak,22.81111111,0.279549903,0.161398212,25,L
12,64,13,Tak,22.45555556,0.19245009,0.111111111,25,L
12,64,16,Tak,22.55555556,0.126197963,0.072860428,25,L
12,64,19,Tak,22.56666667,0.1,0.057735027,25,L
13,65,22,Tak,32.63333333,0.066666667,0.038490018,35,D
13,65,1,Tak,32.47777778,0.411411302,0.237528426,35,D
13,65,4,Tak,32.18888889,0.531594387,0.306916163,35,D
13,65,7,Tak,26.46666667,0.1,0.057735027,30,L
13,65,10,Tak,26.88888889,0.069388867,0.040061681,30,L
13,65,13,Tak,26.67777778,0.134715063,0.077777778,30,L
13,65,16,Tak,26.54444444,0.101835015,0.058794474,30,L
13,65,19,Tak,26.96666667,0.2,0.115470054,30,L
14,66,22,Tak,28.06666667,0.066666667,0.038490018,30,D
14,66,1,Tak,28.34444444,0.245703827,0.14185717,30,D
14,66,4,Tak,28.26666667,0.284800125,0.164429429,30,D
14,66,7,Tak,18.06666667,0.033333333,0.019245009,20,L
14,66,10,Tak,17.8,0.218581284,0.126197963,20,L
14,66,13,Tak,17.46666667,0.1,0.057735027,20,L
14,66,16,Tak,18.04444444,0.19245009,0.111111111,20,L
14,66,19,Tak,18.43333333,0.152752523,0.08819171,20,L
15,67,22,Tak,32.85555556,0.050917508,0.029397237,35,D
15,67,1,Tak,32.76666667,0.08819171,0.050917508,35,D
15,67,4,Tak,32.43333333,0.033333333,0.019245009,35,D
15,67,7,Tak,23.02222222,0.069388867,0.040061681,25,L
15,67,10,Tak,22.72222222,0.083887049,0.04843221,25,L
15,67,13,Tak,22.6,0.066666667,0.038490018,25,L
15,67,16,Tak,22.64444444,0.096225045,0.055555556,25,L
15,67,19,Tak,23.16666667,0.066666667,0.038490018,25,L
16,68,22,Tak,32.45555556,0.183585685,0.105993245,35,D
16,68,1,Tak,32.27777778,0.126197963,0.072860428,35,D
16,68,4,Tak,31.96666667,0.176383421,0.101835015,35,D
16,68,7,Tak,16.98888889,0.050917508,0.029397237,20,L
16,68,10,Tak,17.75555556,0.050917508,0.029397237,20,L
16,68,13,Tak,17.75555556,0.126197963,0.072860428,20,L
16,68,16,Tak,17.73333333,0.133333333,0.076980036,20,L
16,68,19,Tak,18.93333333,0.176383421,0.101835015,20,L
18,70,22,Tak,22.71111111,0.083887049,0.04843221,25,L
18,70,1,Tak,22.98888889,0.221944271,0.128139584,25,L
18,70,4,Tak,23,0.120185043,0.069388867,25,L
18,70,7,Tak,22.32222222,0.167774099,0.096864421,25,L
18,70,10,Tak,22.53333333,0.173205081,0.1,25,L
18,70,13,Tak,22.8,0.375647589,0.216880237,25,L
18,70,16,Tak,23.01111111,0.35013225,0.202148949,25,L
18,70,19,Tak,23.13333333,0.066666667,0.038490018,25,L
19,71,22,Tak,27.54444444,0.234125639,0.135172501,30,L
19,71,1,Tak,27.91111111,0.069388867,0.040061681,30,L
19,71,4,Tak,27.64444444,0.050917508,0.029397237,30,L
19,71,7,Tak,27.33333333,0.066666667,0.038490018,30,L
19,71,10,Tak,27.44444444,0.096225045,0.055555556,30,L
19,71,13,Tak,27.86666667,0.033333333,0.019245009,30,L
19,71,16,Tak,27.92222222,0.216880237,0.125215863,30,L
19,71,19,Tak,27.75555556,0.101835015,0.058794474,30,L
20,72,22,Tak,30.62222222,0.101835015,0.058794474,35,L
20,72,1,Tak,31.28888889,0.234125639,0.135172501,35,L
20,72,4,Tak,31.13333333,0.405517502,0.234125639,35,L
20,72,7,Tak,30.82222222,0.101835015,0.058794474,35,L
20,72,10,Tak,31.17777778,0.216880237,0.125215863,35,L
20,72,13,Tak,31.36666667,0.290593263,0.167774099,35,L
20,72,16,Tak,31.28888889,0.107151675,0.061864048,35,L
20,72,19,Tak,31.42222222,0.050917508,0.029397237,35,L
21,54,22,Tak,19.7,0.115470054,0.066666667,20,D
21,54,1,Tak,19.85555556,0.101835015,0.058794474,20,D
21,54,4,Tak,19.62222222,0.153960072,0.088888889,20,D
21,54,7,Tak,25.77777778,0.56699337,0.327353775,30,L
21,54,10,Tak,24.72222222,0.333888427,0.192770573,30,L
21,54,13,Tak,25.01111111,0.467063323,0.269659136,30,L
21,54,16,Tak,25.72222222,0.096225045,0.055555556,30,L
21,54,19,Tak,26.51111111,0.56699337,0.327353775,30,L
24,7,22,Tak,19.26666667,0.033333333,0.019245009,20,D
24,7,1,Tak,20.15555556,0.069388867,0.040061681,20,D
24,7,4,Tak,19.72222222,0.019245009,0.011111111,20,D
24,7,7,Tak,19.67777778,0.126197963,0.072860428,20,D
24,7,10,Tak,19.27777778,0.183585685,0.105993245,20,D
24,7,13,Tak,22.73333333,0.057735027,0.033333333,25,L
24,7,16,Tak,23.67777778,0.107151675,0.061864048,25,L
24,7,19,Tak,23.74444444,0.050917508,0.029397237,25,L
25,8,22,Tak,23.3,0.066666667,0.038490018,25,D
25,8,1,Tak,24.38888889,0.050917508,0.029397237,25,D
25,8,4,Tak,23.71111111,0.038490018,0.022222222,25,D
25,8,7,Tak,23.8,0.033333333,0.019245009,25,D
25,8,10,Tak,24.03333333,0.2,0.115470054,25,D
25,8,13,Tak,26.11111111,0.038490018,0.022222222,30,L
25,8,16,Tak,26.93333333,0.08819171,0.050917508,30,L
25,8,19,Tak,26.67777778,0.083887049,0.04843221,30,L
26,9,22,Tak,28.34444444,0.076980036,0.044444444,30,D
26,9,1,Tak,29.52222222,0.038490018,0.022222222,30,D
26,9,4,Tak,29.31111111,0.183585685,0.105993245,30,D
26,9,7,Tak,29.38888889,0.195315509,0.112765462,30,D
26,9,10,Tak,29.43333333,0.033333333,0.019245009,30,D
26,9,13,Tak,30.03333333,0.08819171,0.050917508,35,L
26,9,16,Tak,31.53333333,0.185592145,0.107151675,35,L
26,9,19,Tak,31.4,0.120185043,0.069388867,35,L
27,11,22,Tak,14.07777778,0.050917508,0.029397237,15,D
27,11,1,Tak,14.65555556,0.126197963,0.072860428,15,D
27,11,4,Tak,14.41111111,0.019245009,0.011111111,15,D
27,11,7,Tak,15.22222222,0.076980036,0.044444444,15,D
27,11,10,Tak,14.61111111,0.050917508,0.029397237,15,D
27,11,13,Tak,23.51111111,0.688261363,0.397367883,25,L
27,11,16,Tak,23.07777778,0.107151675,0.061864048,25,L
27,11,19,Tak,22.86666667,0.185592145,0.107151675,25,L
1,1,22,Tak,13.91111111,0.107151675,0.061864048,15,D
1,1,1,Tak,13.6,0.133333333,0.076980036,15,D
1,1,4,Tak,14.15555556,0.183585685,0.105993245,15,D
1,1,7,Tak,14.44444444,0.138777733,0.080123362,15,D
1,1,10,Tak,13.97777778,0.038490018,0.022222222,15,D
1,1,13,Tak,14.36666667,0.08819171,0.050917508,15,D
1,1,16,Tak,14.16666667,0.145296631,0.083887049,15,D
1,1,19,Tak,14.40222222,0.237611572,0.137185105,15,D
3,3,22,Tak,24.02222222,0.019245009,0.011111111,25,D
3,3,1,Tak,24.06666667,0.066666667,0.038490018,25,D
3,3,4,Tak,24.06666667,0.057735027,0.033333333,25,D
3,3,7,Tak,24.04444444,0.038490018,0.022222222,25,D
3,3,10,Tak,24.25555556,0.019245009,0.011111111,25,D
3,3,13,Tak,24.02222222,0.083887049,0.04843221,25,D
3,3,16,Tak,24.25555556,0.038490018,0.022222222,25,D
3,3,19,Tak,24,0.066666667,0.038490018,25,D
4,4,22,Tak,28.77777778,0.019245009,0.011111111,30,D
4,4,1,Tak,28.46666667,0.066666667,0.038490018,30,D
4,4,4,Tak,28.75555556,0.019245009,0.011111111,30,D
4,4,7,Tak,28.57777778,0.069388867,0.040061681,30,D
4,4,10,Tak,28.75555556,0.117062819,0.06758625,30,D
4,4,13,Tak,28.78888889,0.083887049,0.04843221,30,D
4,4,16,Tak,28.62222222,0.019245009,0.011111111,30,D
4,4,19,Tak,28.83333333,0.115470054,0.066666667,30,D
5,5,22,Tak,33.88888889,0.050917508,0.029397237,35,D
5,5,1,Tak,34.05555556,0.069388867,0.040061681,35,D
5,5,4,Tak,33.51111111,0.096225045,0.055555556,35,D
5,5,7,Tak,33.61111111,0.21430335,0.123728097,35,D
5,5,10,Tak,33.85555556,0.250185117,0.144444444,35,D
5,5,13,Tak,33.81111111,0.038490018,0.022222222,35,D
5,5,16,Tak,33.56666667,0.057735027,0.033333333,35,D
5,5,19,Tak,34.02222222,0.28738927,0.165924272,35,D
7,10,22,Tak,32.53333333,0.057735027,0.033333333,35,D
7,10,1,Tak,33.12222222,0.083887049,0.04843221,35,D
7,10,4,Tak,33.18888889,0.167774099,0.096864421,35,D
7,10,7,Tak,32.87777778,0.050917508,0.029397237,35,D
7,10,10,Tak,32.46666667,0.120185043,0.069388867,35,D
7,10,13,Tak,29.92222222,0.245703827,0.14185717,40,L
7,10,16,Tak,28.91111111,0.337199798,0.194682394,40,L
7,10,19,Tak,29.24444444,0.183585685,0.105993245,40,L
8,12,22,Tak,18.58888889,0.076980036,0.044444444,20,D
8,12,1,Tak,18.86666667,0.066666667,0.038490018,20,D
8,12,4,Tak,18.74444444,0.038490018,0.022222222,20,D
8,12,7,Tak,18.64444444,0.019245009,0.011111111,20,D
8,12,10,Tak,18.85555556,0.069388867,0.040061681,20,D
8,12,13,Tak,24.61111111,0.216880237,0.125215863,30,L
8,12,16,Tak,25.14444444,0.510265,0.294601635,30,L
8,12,19,Tak,25.48888889,0.203670031,0.117588947,30,L
9,13,22,Tak,23.63333333,0.133333333,0.076980036,25,D
9,13,1,Tak,24.05555556,0.050917508,0.029397237,25,D
9,13,4,Tak,23.95555556,0.050917508,0.029397237,25,D
9,13,7,Tak,23.76666667,0.033333333,0.019245009,25,D
9,13,10,Tak,23.77777778,0.038490018,0.022222222,25,D
9,13,13,Tak,27.68888889,0.22689531,0.130998068,35,L
9,13,16,Tak,29.92222222,0.211695099,0.122222222,35,L
9,13,19,Tak,29.6,0.08819171,0.050917508,35,L
10,14,22,Tak,28.62222222,0.107151675,0.061864048,30,D
10,14,1,Tak,28.96666667,0.066666667,0.038490018,30,D
10,14,4,Tak,29.01111111,0.117062819,0.06758625,30,D
10,14,7,Tak,28.61111111,0.050917508,0.029397237,30,D
10,14,10,Tak,28.73333333,0.120185043,0.069388867,30,D
10,14,13,Tak,30.92222222,0.384900179,0.222222222,40,L
10,14,16,Tak,33.27777778,0.138777733,0.080123362,40,L
10,14,19,Tak,33.35555556,0.083887049,0.04843221,40,L
11,15,22,Tak,14.83333333,0.066666667,0.038490018,15,D
11,15,1,Tak,13.58888889,0.096225045,0.055555556,15,D
11,15,4,Tak,13.53333333,0.2081666,0.120185043,15,D
11,15,7,Tak,13.35555556,0.134715063,0.077777778,15,D
11,15,10,Tak,13.62222222,0.019245009,0.011111111,15,D
11,15,13,Tak,23.66666667,0.120185043,0.069388867,30,L
11,15,16,Tak,27.02222222,0.200923792,0.116003406,30,L
11,15,19,Tak,26.3,0.145296631,0.083887049,30,L
12,16,22,Tak,18.85555556,0.069388867,0.040061681,20,D
12,16,1,Tak,19.25555556,0.117062819,0.06758625,20,D
12,16,4,Tak,19.33333333,0.08819171,0.050917508,20,D
12,16,7,Tak,18.9,0.066666667,0.038490018,20,D
12,16,10,Tak,19.01111111,0.069388867,0.040061681,20,D
12,16,13,Tak,27.94444444,0.138777733,0.080123362,35,L
12,16,16,Tak,30.2,0.384418753,0.221944271,35,L
12,16,19,Tak,30.03333333,0.284800125,0.164429429,35,L
13,17,22,Tak,23.32222222,0.164429429,0.094933375,25,D
13,17,1,Tak,24.08888889,0.050917508,0.029397237,25,D
13,17,4,Tak,23.93333333,0.057735027,0.033333333,25,D
13,17,7,Tak,24.13333333,0.033333333,0.019245009,25,D
13,17,10,Tak,24.01111111,0.050917508,0.029397237,25,D
13,17,13,Tak,30.95555556,0.250185117,0.144444444,40,L
13,17,16,Tak,34.35555556,0.096225045,0.055555556,40,L
13,17,19,Tak,33.52222222,0.101835015,0.058794474,40,L
14,18,22,Tak,14.34444444,0.101835015,0.058794474,15,D
14,18,1,Tak,13.83333333,0.057735027,0.033333333,15,D
14,18,4,Tak,13.77777778,0.076980036,0.044444444,15,D
14,18,7,Tak,13.84444444,0.050917508,0.029397237,15,D
14,18,10,Tak,14.1,0.033333333,0.019245009,15,D
14,18,13,Tak,27.2,0.433333333,0.250185117,35,L
14,18,16,Tak,30.22222222,0.126197963,0.072860428,35,L
14,18,19,Tak,29.91111111,0.050917508,0.029397237,35,L
15,19,22,Tak,19.32222222,0.019245009,0.011111111,20,D
15,19,1,Tak,19.41111111,0.126197963,0.072860428,20,D
15,19,4,Tak,19.38888889,0.050917508,0.029397237,20,D
15,19,7,Tak,19.12222222,0.069388867,0.040061681,20,D
15,19,10,Tak,19.16666667,0.066666667,0.038490018,20,D
15,19,13,Tak,30.78888889,0.411411302,0.237528426,40,L
15,19,16,Tak,34.28888889,0.171053381,0.098757716,40,L
15,19,19,Tak,33.35555556,0.401847585,0.232006811,40,L
16,20,22,Tak,19.28888889,0.083887049,0.04843221,15,D
16,20,1,Tak,19.48888889,0.076980036,0.044444444,15,D
16,20,4,Tak,19.33333333,0.08819171,0.050917508,15,D
16,20,7,Tak,19.14444444,0.083887049,0.04843221,15,D
16,20,10,Tak,19.17777778,0.083887049,0.04843221,15,D
16,20,13,Tak,30.58888889,0.335548197,0.193728842,40,L
16,20,16,Tak,34.52222222,0.462280979,0.266898048,40,L
16,20,19,Tak,33.66666667,0.202758751,0.117062819,40,L
18,21,22,Tak,24.25555556,0.189541357,0.109431753,25,D
18,21,1,Tak,24.24444444,0.069388867,0.040061681,25,D
18,21,4,Tak,24.12222222,0.019245009,0.011111111,25,D
18,21,7,Tak,24.43333333,3.55E-15,2.05E-15,25,D
18,21,10,Tak,24.04444444,0.019245009,0.011111111,25,D
18,21,13,Tak,20.3,0.145296631,0.083887049,20,L
18,21,16,Tak,17.47777778,0.101835015,0.058794474,20,L
18,21,19,Tak,18.41111111,0.101835015,0.058794474,20,L
20,23,22,Tak,32.7,0.120185043,0.069388867,35,D
20,23,1,Tak,33.01111111,0.038490018,0.022222222,35,D
20,23,4,Tak,32.94444444,0.153960072,0.088888889,35,D
20,23,7,Tak,33.43333333,0.08819171,0.050917508,35,D
20,23,10,Tak,32.95555556,0.076980036,0.044444444,35,D
20,23,13,Tak,28.63333333,0.202758751,0.117062819,30,L
20,23,16,Tak,26.62222222,0.069388867,0.040061681,30,L
20,23,19,Tak,26.77777778,0.126197963,0.072860428,30,L
21,2,22,Tak,19.92222222,0.038490018,0.022222222,20,D
21,2,1,Tak,19.58888889,0.050917508,0.029397237,20,D
21,2,4,Tak,19.8,0.057735027,0.033333333,20,D
21,2,7,Tak,19.75555556,0.069388867,0.040061681,20,D
21,2,10,Tak,19.71111111,0.050917508,0.029397237,20,D
21,2,13,Tak,20.13333333,0.176383421,0.101835015,20,D
21,2,16,Tak,19.92222222,0.019245009,0.011111111,20,D
21,2,19,Tak,19.74444444,0.083887049,0.04843221,20,D
22,24,22,Tak,28.83333333,0.066666667,0.038490018,30,D
22,24,1,Tak,28.77777778,0.117062819,0.06758625,30,D
22,24,4,Tak,28.7,0.033333333,0.019245009,30,D
22,24,7,Tak,28.94444444,0.126197963,0.072860428,30,D
22,24,10,Tak,29.01111111,0.153960072,0.088888889,30,D
22,24,13,Tak,21.04444444,0.101835015,0.058794474,20,L
22,24,16,Tak,18.12222222,0.101835015,0.058794474,20,L
22,24,19,Tak,18.05555556,0.050917508,0.029397237,20,L
25,26,22,Tak,32.13333333,0.230940108,0.133333333,35,D
25,26,1,Tak,33.32222222,0.21430335,0.123728097,35,D
25,26,4,Tak,32.25555556,0.083887049,0.04843221,35,D
25,26,7,Tak,33.28888889,0.117062819,0.06758625,35,D
25,26,10,Tak,33.01111111,0.150308325,0.086780552,35,D
25,26,13,Tak,23.83333333,0.384418753,0.221944271,20,L
25,26,16,Tak,17.98888889,0.134715063,0.077777778,20,L
25,26,19,Tak,18.51111111,0.038490018,0.022222222,20,L
26,27,22,Tak,14.8,0.08819171,0.050917508,15,D
26,27,1,Tak,14.52222222,0.050917508,0.029397237,15,D
26,27,4,Tak,14.37777778,0.096225045,0.055555556,15,D
26,27,7,Tak,14.46666667,0.145296631,0.083887049,15,D
26,27,10,Tak,21.21111111,0.435039377,0.251170101,20,L
26,27,13,Tak,19.13333333,0.405517502,0.234125639,20,L
26,27,16,Tak,18.04444444,0.038490018,0.022222222,20,L
26,27,19,Tak,18.47777778,0.221944271,0.128139584,20,L
28,28,22,Tak,19.47777778,0.069388867,0.040061681,20,D
28,28,1,Tak,19.78888889,0.069388867,0.040061681,20,D
28,28,4,Tak,19.65555556,0.019245009,0.011111111,20,D
28,28,7,Tak,19.71111111,0.171053381,0.098757716,20,D
28,28,10,Tak,23.33333333,0.166666667,0.096225045,25,L
28,28,13,Tak,22.47777778,0.050917508,0.029397237,25,L
28,28,16,Tak,22.06666667,0.033333333,0.019245009,25,L
28,28,19,Tak,22.55555556,0.134715063,0.077777778,25,L
1,6,22,Tak,14.86666667,0.133333333,0.076980036,15,D
1,6,1,Tak,14.15555556,0.101835015,0.058794474,15,D
1,6,4,Tak,14.48888889,0.076980036,0.044444444,15,D
1,6,7,Tak,14.31111111,0.076980036,0.044444444,15,D
1,6,10,Tak,14.76666667,0.120185043,0.069388867,15,D
1,6,13,Tak,20.23333333,0.145296631,0.083887049,20,L
1,6,16,Tak,19.57777778,0.315054375,0.181896728,20,L
1,6,19,Tak,19.21111111,0.258915116,0.149484712,20,L
3,25,22,Tak,33.25555556,0.157527188,0.090948364,35,D
3,25,1,Tak,33.44444444,0.157527188,0.090948364,35,D
3,25,4,Tak,33.11111111,0.101835015,0.058794474,35,D
3,25,7,Tak,32.96666667,0.145296631,0.083887049,35,D
3,25,10,Tak,33.36666667,0.033333333,0.019245009,35,D
3,25,13,Tak,26.2,0.296273147,0.171053381,25,L
3,25,16,Tak,21.6,0.233333333,0.134715063,25,L
3,25,19,Tak,22.1,0.218581284,0.126197963,25,L
9,29,22,Tak,23.66666667,0.033333333,0.019245009,25,D
9,29,1,Tak,23.67777778,0.076980036,0.044444444,25,D
9,29,4,Tak,23.62222222,0.038490018,0.022222222,25,D
9,29,7,Tak,23.21111111,0.050917508,0.029397237,25,D
9,29,10,Tak,26.64444444,0.134715063,0.077777778,30,L
9,29,13,Tak,26.65555556,0.150308325,0.086780552,30,L
9,29,16,Tak,26.06666667,0.133333333,0.076980036,30,L
9,29,19,Tak,26.78888889,0.076980036,0.044444444,30,L
10,30,22,Tak,28.15555556,0.050917508,0.029397237,30,D
10,30,1,Tak,28.9,0.066666667,0.038490018,30,D
10,30,4,Tak,28.75555556,0.083887049,0.04843221,30,D
10,30,7,Tak,28.11111111,0.126197963,0.072860428,30,D
10,30,10,Tak,30.47777778,0.203670031,0.117588947,35,L
10,30,13,Tak,30.52222222,0.200923792,0.116003406,35,L
10,30,16,Tak,30.3,0.264575131,0.152752523,35,L
10,30,19,Tak,30.4,0.133333333,0.076980036,35,L
11,31,22,Tak,32.68888889,0.076980036,0.044444444,35,D
11,31,1,Tak,33.3,0.272845092,0.157527188,35,D
11,31,4,Tak,33.48888889,0.117062819,0.06758625,35,D
11,31,7,Tak,32.8,0.296273147,0.171053381,35,D
11,31,10,Tak,34.45555556,0.050917508,0.029397237,40,L
11,31,13,Tak,35.07777778,0.183585685,0.105993245,40,L
11,31,16,Tak,34.25555556,0.452564708,0.261288356,40,L
11,31,19,Tak,34.47777778,0.400462695,0.231207245,40,L
12,32,22,Tak,14.13333333,1.26E-15,7.25E-16,15,D
12,32,1,Tak,14.35555556,0.069388867,0.040061681,15,D
12,32,4,Tak,14.05555556,0.126197963,0.072860428,15,D
12,32,7,Tak,13.78888889,0.050917508,0.029397237,15,D
12,32,10,Tak,24.03333333,0.08819171,0.050917508,25,L
12,32,13,Tak,22.85555556,0.101835015,0.058794474,25,L
12,32,16,Tak,22.48888889,0.083887049,0.04843221,25,L
12,32,19,Tak,22.93333333,0.120185043,0.069388867,25,L
13,33,22,Tak,18.46666667,0.176383421,0.101835015,20,D
13,33,1,Tak,19.03333333,0.033333333,0.019245009,20,D
13,33,4,Tak,18.71111111,0.076980036,0.044444444,20,D
13,33,7,Tak,18.8,0.145296631,0.083887049,20,D
13,33,10,Tak,27.22222222,0.221944271,0.128139584,30,L
13,33,13,Tak,26.7,0.08819171,0.050917508,30,L
13,33,16,Tak,26.43333333,0.033333333,0.019245009,30,L
13,33,19,Tak,26.64444444,0.050917508,0.029397237,30,L
14,34,22,Tak,23.27777778,0.083887049,0.04843221,25,D
14,34,1,Tak,24.16666667,0.066666667,0.038490018,25,D
14,34,4,Tak,23.96666667,0.033333333,0.019245009,25,D
14,34,7,Tak,23.57777778,0.069388867,0.040061681,25,D
14,34,10,Tak,31.25555556,0.462280979,0.266898048,35,L
14,34,13,Tak,31.12222222,0.153960072,0.088888889,35,L
14,34,16,Tak,30.45555556,0.019245009,0.011111111,35,L
14,34,19,Tak,30.91111111,0.126197963,0.072860428,35,L
15,35,22,Tak,28.06666667,0.08819171,0.050917508,30,D
15,35,1,Tak,28.93333333,0.033333333,0.019245009,30,D
15,35,4,Tak,28.84444444,0.019245009,0.011111111,30,D
15,35,7,Tak,28.12222222,0.126197963,0.072860428,30,D
15,35,10,Tak,34.01111111,0.076980036,0.044444444,40,L
15,35,13,Tak,34.16666667,0.173205081,0.1,40,L
15,35,16,Tak,33.84444444,0.164429429,0.094933375,40,L
15,35,19,Tak,33.55555556,0.250185117,0.144444444,40,L
16,36,22,Tak,14.61111111,0.096225045,0.055555556,15,D
16,36,1,Tak,13.85555556,0.050917508,0.029397237,15,D
16,36,4,Tak,13.83333333,0.1,0.057735027,15,D
16,36,7,Tak,13.4,0.057735027,0.033333333,15,D
16,36,10,Tak,27.41111111,0.346944333,0.200308404,30,L
16,36,13,Tak,26.6,0.185592145,0.107151675,30,L
16,36,16,Tak,26.48888889,0.019245009,0.011111111,30,L
16,36,19,Tak,26.77777778,0.019245009,0.011111111,30,L
21,22,22,Tak,27.8,0.120185043,0.069388867,30,D
21,22,1,Tak,27.87777778,0.101835015,0.058794474,30,D
21,22,4,Tak,28.25555556,0.138777733,0.080123362,30,D
21,22,7,Tak,28.12222222,0.038490018,0.022222222,30,D
21,22,10,Tak,28.15555556,0.069388867,0.040061681,25,L
21,22,13,Tak,24.03333333,0.272845092,0.157527188,25,L
21,22,16,Tak,22.02222222,0.183585685,0.105993245,25,L
21,22,19,Tak,22.16666667,0.2,0.115470054,25,L
26,69,22,Tak,20.2,0.272845092,0.157527188,20,L
26,69,1,Tak,19.96666667,0,0,20,L
26,69,4,Tak,19.41111111,0.221944271,0.128139584,20,L
26,69,7,Tak,19.27777778,0.342106763,0.197515431,20,L
26,69,10,Tak,19.68888889,0.189541357,0.109431753,20,L
26,69,13,Tak,19.24444444,0.138777733,0.080123362,20,L
26,69,16,Tak,19.6,0.145296631,0.083887049,20,L
26,69,19,Tak,19.56666667,0.233333333,0.134715063,20,L
28,73,22,Tak,34.15555556,0.550084169,0.317591243,40,L
28,73,1,Tak,33.93333333,0.057735027,0.033333333,40,L
28,73,4,Tak,33.9,0.033333333,0.019245009,40,L
28,73,7,Tak,34.02222222,0.138777733,0.080123362,40,L
28,73,10,Tak,34.43333333,0.120185043,0.069388867,40,L
28,73,13,Tak,33.95555556,0.283496685,0.163676887,40,L
28,73,16,Tak,33.66666667,0.230940108,0.133333333,40,L
28,73,19,Tak,34.13333333,0.233333333,0.134715063,40,L
